text,service,issue
fan not working,Electrician,Fan Not Working
fan,Electrician,Fan Not Working
need help with fan not working,Electrician,Fan Not Working
can someone fix fan not working,Electrician,Fan Not Working
fan is not working,Electrician,Fan Not Working
need help with fan is not working,Electrician,Fan Not Working
can someone fix fan is not working,Electrician,Fan Not Working
pankha nahi chal raha,Electrician,Fan Not Working
pankha,Electrician,Fan Not Working
pankha nahi chal,Electrician,Fan Not Working
need help with pankha nahi chal raha,Electrician,Fan Not Working
can someone fix pankha nahi chal raha,Electrician,Fan Not Working
pankha band hai,Electrician,Fan Not Working
pankha band,Electrician,Fan Not Working
need help with pankha band hai,Electrician,Fan Not Working
can someone fix pankha band hai,Electrician,Fan Not Working
ceiling fan stopped,Electrician,Fan Not Working
ceiling fan,Electrician,Fan Not Working
need help with ceiling fan stopped,Electrician,Fan Not Working
can someone fix ceiling fan stopped,Electrician,Fan Not Working
fan start nahi ho raha,Electrician,Fan Not Working
need help with fan start nahi ho raha,Electrician,Fan Not Working
can someone fix fan start nahi ho raha,Electrician,Fan Not Working
fan making noise,Electrician,Fan Noise
fan,Electrician,Fan Noise
fan noise,Electrician,Fan Noise
need help with fan making noise,Electrician,Fan Noise
can someone fix fan making noise,Electrician,Fan Noise
fan is making a noise,Electrician,Fan Noise
need help with fan is making a noise,Electrician,Fan Noise
can someone fix fan is making a noise,Electrician,Fan Noise
pankha awaaz kar raha hai,Electrician,Fan Noise
pankha,Electrician,Fan Noise
pankha awaaz,Electrician,Fan Noise
need help with pankha awaaz kar raha hai,Electrician,Fan Noise
can someone fix pankha awaaz kar raha hai,Electrician,Fan Noise
fan se awaaz aa rahi hai,Electrician,Fan Noise
fan awaaz,Electrician,Fan Noise
need help with fan se awaaz aa rahi hai,Electrician,Fan Noise
can someone fix fan se awaaz aa rahi hai,Electrician,Fan Noise
fan is noisy,Electrician,Fan Noise
need help with fan is noisy,Electrician,Fan Noise
can someone fix fan is noisy,Electrician,Fan Noise
light not working,Electrician,Light Not Working
light,Electrician,Light Not Working
need help with light not working,Electrician,Light Not Working
can someone fix light not working,Electrician,Light Not Working
light is not working,Electrician,Light Not Working
need help with light is not working,Electrician,Light Not Working
can someone fix light is not working,Electrician,Light Not Working
light nahi jal rahi,Electrician,Light Not Working
need help with light nahi jal rahi,Electrician,Light Not Working
can someone fix light nahi jal rahi,Electrician,Light Not Working
bulb nahi jal raha,Electrician,Light Not Working
bulb,Electrician,Light Not Working
need help with bulb nahi jal raha,Electrician,Light Not Working
can someone fix bulb nahi jal raha,Electrician,Light Not Working
room light band hai,Electrician,Light Not Working
light band,Electrician,Light Not Working
need help with room light band hai,Electrician,Light Not Working
can someone fix room light band hai,Electrician,Light Not Working
switch broken,Electrician,Switch Problem
switch,Electrician,Switch Problem
need help with switch broken,Electrician,Switch Problem
can someone fix switch broken,Electrician,Switch Problem
switch kharab hai,Electrician,Switch Problem
need help with switch kharab hai,Electrician,Switch Problem
can someone fix switch kharab hai,Electrician,Switch Problem
switch repair,Electrician,Switch Problem
need help with switch repair,Electrician,Switch Problem
can someone fix switch repair,Electrician,Switch Problem
switch loose hai,Electrician,Switch Problem
need help with switch loose hai,Electrician,Switch Problem
can someone fix switch loose hai,Electrician,Switch Problem
switch kaam nahi kar raha,Electrician,Switch Problem
need help with switch kaam nahi kar raha,Electrician,Switch Problem
can someone fix switch kaam nahi kar raha,Electrician,Switch Problem
socket not working,Electrician,Socket Problem
socket,Electrician,Socket Problem
need help with socket not working,Electrician,Socket Problem
can someone fix socket not working,Electrician,Socket Problem
plug point not working,Electrician,Socket Problem
plug,Electrician,Socket Problem
plug not working,Electrician,Socket Problem
need help with plug point not working,Electrician,Socket Problem
can someone fix plug point not working,Electrician,Socket Problem
socket kharab hai,Electrician,Socket Problem
need help with socket kharab hai,Electrician,Socket Problem
can someone fix socket kharab hai,Electrician,Socket Problem
plug point kharab hai,Electrician,Socket Problem
need help with plug point kharab hai,Electrician,Socket Problem
can someone fix plug point kharab hai,Electrician,Socket Problem
short circuit,Electrician,Short Circuit
need help with short circuit,Electrician,Short Circuit
can someone fix short circuit,Electrician,Short Circuit
short circuit problem,Electrician,Short Circuit
need help with short circuit problem,Electrician,Short Circuit
can someone fix short circuit problem,Electrician,Short Circuit
sparks from switch,Electrician,Short Circuit
switch,Electrician,Short Circuit
switch spark,Electrician,Short Circuit
need help with sparks from switch,Electrician,Short Circuit
can someone fix sparks from switch,Electrician,Short Circuit
switch se spark aa raha hai,Electrician,Short Circuit
need help with switch se spark aa raha hai,Electrician,Short Circuit
can someone fix switch se spark aa raha hai,Electrician,Short Circuit
electric short ho raha hai,Electrician,Short Circuit
electric,Electrician,Short Circuit
need help with electric short ho raha hai,Electrician,Short Circuit
can someone fix electric short ho raha hai,Electrician,Short Circuit
MCB keeps tripping,Electrician,Power Tripping
MCB,Electrician,Power Tripping
MCB trip,Electrician,Power Tripping
need help with MCB keeps tripping,Electrician,Power Tripping
can someone fix MCB keeps tripping,Electrician,Power Tripping
MCB bar bar trip ho raha hai,Electrician,Power Tripping
need help with MCB bar bar trip ho raha hai,Electrician,Power Tripping
can someone fix MCB bar bar trip ho raha hai,Electrician,Power Tripping
power keeps tripping,Electrician,Power Tripping
need help with power keeps tripping,Electrician,Power Tripping
can someone fix power keeps tripping,Electrician,Power Tripping
bijli baar baar trip ho rahi hai,Electrician,Power Tripping
bijli,Electrician,Power Tripping
bijli trip,Electrician,Power Tripping
need help with bijli baar baar trip ho rahi hai,Electrician,Power Tripping
can someone fix bijli baar baar trip ho rahi hai,Electrician,Power Tripping
wiring problem,Electrician,Wiring Problem
wiring,Electrician,Wiring Problem
wiring wiring,Electrician,Wiring Problem
need help with wiring problem,Electrician,Wiring Problem
can someone fix wiring problem,Electrician,Wiring Problem
wiring repair,Electrician,Wiring Problem
need help with wiring repair,Electrician,Wiring Problem
can someone fix wiring repair,Electrician,Wiring Problem
ghar ki wiring kharab hai,Electrician,Wiring Problem
need help with ghar ki wiring kharab hai,Electrician,Wiring Problem
can someone fix ghar ki wiring kharab hai,Electrician,Wiring Problem
wire damaged hai,Electrician,Wiring Problem
wire,Electrician,Wiring Problem
need help with wire damaged hai,Electrician,Wiring Problem
can someone fix wire damaged hai,Electrician,Wiring Problem
electrical wiring check,Electrician,Wiring Problem
electric,Electrician,Wiring Problem
need help with electrical wiring check,Electrician,Wiring Problem
can someone fix electrical wiring check,Electrician,Wiring Problem
fan installation,Electrician,Fan Installation
fan,Electrician,Fan Installation
need help with fan installation,Electrician,Fan Installation
can someone fix fan installation,Electrician,Fan Installation
fan lagwana hai,Electrician,Fan Installation
need help with fan lagwana hai,Electrician,Fan Installation
can someone fix fan lagwana hai,Electrician,Fan Installation
ceiling fan install karna hai,Electrician,Fan Installation
ceiling fan,Electrician,Fan Installation
need help with ceiling fan install karna hai,Electrician,Fan Installation
can someone fix ceiling fan install karna hai,Electrician,Fan Installation
naya fan lagana hai,Electrician,Fan Installation
need help with naya fan lagana hai,Electrician,Fan Installation
can someone fix naya fan lagana hai,Electrician,Fan Installation
light installation,Electrician,Light Installation
light,Electrician,Light Installation
need help with light installation,Electrician,Light Installation
can someone fix light installation,Electrician,Light Installation
light lagwani hai,Electrician,Light Installation
need help with light lagwani hai,Electrician,Light Installation
can someone fix light lagwani hai,Electrician,Light Installation
new light install karni hai,Electrician,Light Installation
need help with new light install karni hai,Electrician,Light Installation
can someone fix new light install karni hai,Electrician,Light Installation
ceiling light lagwani hai,Electrician,Light Installation
need help with ceiling light lagwani hai,Electrician,Light Installation
can someone fix ceiling light lagwani hai,Electrician,Light Installation
doorbell not working,Electrician,Doorbell Problem
doorbell,Electrician,Doorbell Problem
bell,Electrician,Doorbell Problem
need help with doorbell not working,Electrician,Doorbell Problem
can someone fix doorbell not working,Electrician,Doorbell Problem
bell nahi baj rahi,Electrician,Doorbell Problem
need help with bell nahi baj rahi,Electrician,Doorbell Problem
can someone fix bell nahi baj rahi,Electrician,Doorbell Problem
door bell repair,Electrician,Doorbell Problem
bell repair,Electrician,Doorbell Problem
need help with door bell repair,Electrician,Doorbell Problem
can someone fix door bell repair,Electrician,Doorbell Problem
tap is leaking,Plumber,Tap Leakage
tap,Plumber,Tap Leakage
tap leak,Plumber,Tap Leakage
need help with tap is leaking,Plumber,Tap Leakage
can someone fix tap is leaking,Plumber,Tap Leakage
tap leaking,Plumber,Tap Leakage
need help with tap leaking,Plumber,Tap Leakage
can someone fix tap leaking,Plumber,Tap Leakage
nal se paani leak ho raha hai,Plumber,Tap Leakage
nal,Plumber,Tap Leakage
paani,Plumber,Tap Leakage
nal leak,Plumber,Tap Leakage
need help with nal se paani leak ho raha hai,Plumber,Tap Leakage
can someone fix nal se paani leak ho raha hai,Plumber,Tap Leakage
nal leak hai,Plumber,Tap Leakage
need help with nal leak hai,Plumber,Tap Leakage
can someone fix nal leak hai,Plumber,Tap Leakage
faucet leaking,Plumber,Tap Leakage
faucet,Plumber,Tap Leakage
faucet leak,Plumber,Tap Leakage
need help with faucet leaking,Plumber,Tap Leakage
can someone fix faucet leaking,Plumber,Tap Leakage
tap repair,Plumber,Tap Repair
tap,Plumber,Tap Repair
need help with tap repair,Plumber,Tap Repair
can someone fix tap repair,Plumber,Tap Repair
tap broken,Plumber,Tap Repair
need help with tap broken,Plumber,Tap Repair
can someone fix tap broken,Plumber,Tap Repair
nal kharab hai,Plumber,Tap Repair
nal,Plumber,Tap Repair
need help with nal kharab hai,Plumber,Tap Repair
can someone fix nal kharab hai,Plumber,Tap Repair
nal repair karwana hai,Plumber,Tap Repair
nal repair,Plumber,Tap Repair
need help with nal repair karwana hai,Plumber,Tap Repair
can someone fix nal repair karwana hai,Plumber,Tap Repair
faucet repair,Plumber,Tap Repair
faucet,Plumber,Tap Repair
need help with faucet repair,Plumber,Tap Repair
can someone fix faucet repair,Plumber,Tap Repair
pipe is leaking,Plumber,Pipe Leakage
pipe,Plumber,Pipe Leakage
pipe leak,Plumber,Pipe Leakage
need help with pipe is leaking,Plumber,Pipe Leakage
can someone fix pipe is leaking,Plumber,Pipe Leakage
pipe leak hai,Plumber,Pipe Leakage
need help with pipe leak hai,Plumber,Pipe Leakage
can someone fix pipe leak hai,Plumber,Pipe Leakage
pipe se paani aa raha hai,Plumber,Pipe Leakage
paani,Plumber,Pipe Leakage
pipe paani,Plumber,Pipe Leakage
need help with pipe se paani aa raha hai,Plumber,Pipe Leakage
can someone fix pipe se paani aa raha hai,Plumber,Pipe Leakage
water pipe leaking,Plumber,Pipe Leakage
water pipe,Plumber,Pipe Leakage
need help with water pipe leaking,Plumber,Pipe Leakage
can someone fix water pipe leaking,Plumber,Pipe Leakage
pipe blocked,Plumber,Pipe Blockage
pipe,Plumber,Pipe Blockage
need help with pipe blocked,Plumber,Pipe Blockage
can someone fix pipe blocked,Plumber,Pipe Blockage
pipe block ho gaya,Plumber,Pipe Blockage
pipe block,Plumber,Pipe Blockage
need help with pipe block ho gaya,Plumber,Pipe Blockage
can someone fix pipe block ho gaya,Plumber,Pipe Blockage
pipe mein blockage hai,Plumber,Pipe Blockage
need help with pipe mein blockage hai,Plumber,Pipe Blockage
can someone fix pipe mein blockage hai,Plumber,Pipe Blockage
water pipe blocked,Plumber,Pipe Blockage
water pipe,Plumber,Pipe Blockage
need help with water pipe blocked,Plumber,Pipe Blockage
can someone fix water pipe blocked,Plumber,Pipe Blockage
drain blocked,Plumber,Drain Blockage
drain,Plumber,Drain Blockage
need help with drain blocked,Plumber,Drain Blockage
can someone fix drain blocked,Plumber,Drain Blockage
drain choke hai,Plumber,Drain Blockage
drain choke,Plumber,Drain Blockage
need help with drain choke hai,Plumber,Drain Blockage
can someone fix drain choke hai,Plumber,Drain Blockage
drain ka paani nahi ja raha,Plumber,Drain Blockage
paani,Plumber,Drain Blockage
paani drain,Plumber,Drain Blockage
need help with drain ka paani nahi ja raha,Plumber,Drain Blockage
can someone fix drain ka paani nahi ja raha,Plumber,Drain Blockage
sink drain blocked,Plumber,Drain Blockage
need help with sink drain blocked,Plumber,Drain Blockage
can someone fix sink drain blocked,Plumber,Drain Blockage
toilet blocked,Plumber,Toilet Blockage
toilet,Plumber,Toilet Blockage
need help with toilet blocked,Plumber,Toilet Blockage
can someone fix toilet blocked,Plumber,Toilet Blockage
toilet choke ho gaya,Plumber,Toilet Blockage
toilet choke,Plumber,Toilet Blockage
need help with toilet choke ho gaya,Plumber,Toilet Blockage
can someone fix toilet choke ho gaya,Plumber,Toilet Blockage
toilet ka paani nahi ja raha,Plumber,Toilet Blockage
paani,Plumber,Toilet Blockage
paani paani,Plumber,Toilet Blockage
need help with toilet ka paani nahi ja raha,Plumber,Toilet Blockage
can someone fix toilet ka paani nahi ja raha,Plumber,Toilet Blockage
commode blocked,Plumber,Toilet Blockage
commode,Plumber,Toilet Blockage
need help with commode blocked,Plumber,Toilet Blockage
can someone fix commode blocked,Plumber,Toilet Blockage
water tank problem,Plumber,Water Tank Problem
water tank,Plumber,Water Tank Problem
need help with water tank problem,Plumber,Water Tank Problem
can someone fix water tank problem,Plumber,Water Tank Problem
tanki problem,Plumber,Water Tank Problem
tanki,Plumber,Water Tank Problem
need help with tanki problem,Plumber,Water Tank Problem
can someone fix tanki problem,Plumber,Water Tank Problem
tanki se paani leak,Plumber,Water Tank Problem
paani,Plumber,Water Tank Problem
paani leak,Plumber,Water Tank Problem
need help with tanki se paani leak,Plumber,Water Tank Problem
can someone fix tanki se paani leak,Plumber,Water Tank Problem
water tank leakage,Plumber,Water Tank Problem
water tank leak,Plumber,Water Tank Problem
need help with water tank leakage,Plumber,Water Tank Problem
can someone fix water tank leakage,Plumber,Water Tank Problem
low water pressure,Plumber,Low Water Pressure
pressure,Plumber,Low Water Pressure
pressure pressure,Plumber,Low Water Pressure
need help with low water pressure,Plumber,Low Water Pressure
can someone fix low water pressure,Plumber,Low Water Pressure
paani ka pressure kam hai,Plumber,Low Water Pressure
paani,Plumber,Low Water Pressure
paani pressure,Plumber,Low Water Pressure
need help with paani ka pressure kam hai,Plumber,Low Water Pressure
can someone fix paani ka pressure kam hai,Plumber,Low Water Pressure
water pressure bahut low hai,Plumber,Low Water Pressure
need help with water pressure bahut low hai,Plumber,Low Water Pressure
can someone fix water pressure bahut low hai,Plumber,Low Water Pressure
shower leaking,Plumber,Shower Leakage
shower,Plumber,Shower Leakage
shower leak,Plumber,Shower Leakage
need help with shower leaking,Plumber,Shower Leakage
can someone fix shower leaking,Plumber,Shower Leakage
shower se paani leak,Plumber,Shower Leakage
paani,Plumber,Shower Leakage
paani leak,Plumber,Shower Leakage
need help with shower se paani leak,Plumber,Shower Leakage
can someone fix shower se paani leak,Plumber,Shower Leakage
shower leakage,Plumber,Shower Leakage
need help with shower leakage,Plumber,Shower Leakage
can someone fix shower leakage,Plumber,Shower Leakage
basin leaking,Plumber,Basin Leakage
basin,Plumber,Basin Leakage
basin leak,Plumber,Basin Leakage
need help with basin leaking,Plumber,Basin Leakage
can someone fix basin leaking,Plumber,Basin Leakage
wash basin leak,Plumber,Basin Leakage
wash basin,Plumber,Basin Leakage
need help with wash basin leak,Plumber,Basin Leakage
can someone fix wash basin leak,Plumber,Basin Leakage
basin se paani leak ho raha hai,Plumber,Basin Leakage
paani,Plumber,Basin Leakage
paani leak,Plumber,Basin Leakage
need help with basin se paani leak ho raha hai,Plumber,Basin Leakage
can someone fix basin se paani leak ho raha hai,Plumber,Basin Leakage
bathroom drainage problem,Plumber,Drainage Problem
drain,Plumber,Drainage Problem
drain drain,Plumber,Drainage Problem
need help with bathroom drainage problem,Plumber,Drainage Problem
can someone fix bathroom drainage problem,Plumber,Drainage Problem
drainage problem,Plumber,Drainage Problem
need help with drainage problem,Plumber,Drainage Problem
can someone fix drainage problem,Plumber,Drainage Problem
bathroom ka paani drain nahi ho raha,Plumber,Drainage Problem
paani,Plumber,Drainage Problem
paani drain,Plumber,Drainage Problem
need help with bathroom ka paani drain nahi ho raha,Plumber,Drainage Problem
can someone fix bathroom ka paani drain nahi ho raha,Plumber,Drainage Problem
door repair,Carpenter,Door Repair
door,Carpenter,Door Repair
need help with door repair,Carpenter,Door Repair
can someone fix door repair,Carpenter,Door Repair
darwaza repair,Carpenter,Door Repair
darwaza,Carpenter,Door Repair
need help with darwaza repair,Carpenter,Door Repair
can someone fix darwaza repair,Carpenter,Door Repair
door broken,Carpenter,Door Repair
need help with door broken,Carpenter,Door Repair
can someone fix door broken,Carpenter,Door Repair
darwaza toot gaya,Carpenter,Door Repair
darwaza toot,Carpenter,Door Repair
need help with darwaza toot gaya,Carpenter,Door Repair
can someone fix darwaza toot gaya,Carpenter,Door Repair
door not closing,Carpenter,Door Alignment
door,Carpenter,Door Alignment
need help with door not closing,Carpenter,Door Alignment
can someone fix door not closing,Carpenter,Door Alignment
darwaza band nahi hota,Carpenter,Door Alignment
darwaza,Carpenter,Door Alignment
need help with darwaza band nahi hota,Carpenter,Door Alignment
can someone fix darwaza band nahi hota,Carpenter,Door Alignment
door alignment problem,Carpenter,Door Alignment
door alignment,Carpenter,Door Alignment
need help with door alignment problem,Carpenter,Door Alignment
can someone fix door alignment problem,Carpenter,Door Alignment
door properly close nahi ho raha,Carpenter,Door Alignment
need help with door properly close nahi ho raha,Carpenter,Door Alignment
can someone fix door properly close nahi ho raha,Carpenter,Door Alignment
door hinge broken,Carpenter,Hinge Repair
door,Carpenter,Hinge Repair
hinge,Carpenter,Hinge Repair
door broken,Carpenter,Hinge Repair
need help with door hinge broken,Carpenter,Hinge Repair
can someone fix door hinge broken,Carpenter,Hinge Repair
hinge repair,Carpenter,Hinge Repair
need help with hinge repair,Carpenter,Hinge Repair
can someone fix hinge repair,Carpenter,Hinge Repair
darwaze ki hinge toot gayi,Carpenter,Hinge Repair
hinge toot,Carpenter,Hinge Repair
need help with darwaze ki hinge toot gayi,Carpenter,Hinge Repair
can someone fix darwaze ki hinge toot gayi,Carpenter,Hinge Repair
table repair,Carpenter,Table Repair
table,Carpenter,Table Repair
need help with table repair,Carpenter,Table Repair
can someone fix table repair,Carpenter,Table Repair
table toot gayi,Carpenter,Table Repair
table toot,Carpenter,Table Repair
need help with table toot gayi,Carpenter,Table Repair
can someone fix table toot gayi,Carpenter,Table Repair
wooden table broken,Carpenter,Table Repair
wood,Carpenter,Table Repair
table broken,Carpenter,Table Repair
need help with wooden table broken,Carpenter,Table Repair
can someone fix wooden table broken,Carpenter,Table Repair
chair repair,Carpenter,Chair Repair
chair,Carpenter,Chair Repair
need help with chair repair,Carpenter,Chair Repair
can someone fix chair repair,Carpenter,Chair Repair
chair toot gayi,Carpenter,Chair Repair
chair toot,Carpenter,Chair Repair
need help with chair toot gayi,Carpenter,Chair Repair
can someone fix chair toot gayi,Carpenter,Chair Repair
wooden chair broken,Carpenter,Chair Repair
wood,Carpenter,Chair Repair
chair broken,Carpenter,Chair Repair
need help with wooden chair broken,Carpenter,Chair Repair
can someone fix wooden chair broken,Carpenter,Chair Repair
wardrobe repair,Carpenter,Wardrobe Repair
wardrobe,Carpenter,Wardrobe Repair
need help with wardrobe repair,Carpenter,Wardrobe Repair
can someone fix wardrobe repair,Carpenter,Wardrobe Repair
almirah repair,Carpenter,Wardrobe Repair
almirah,Carpenter,Wardrobe Repair
need help with almirah repair,Carpenter,Wardrobe Repair
can someone fix almirah repair,Carpenter,Wardrobe Repair
wardrobe ka door kharab hai,Carpenter,Wardrobe Repair
door,Carpenter,Wardrobe Repair
need help with wardrobe ka door kharab hai,Carpenter,Wardrobe Repair
can someone fix wardrobe ka door kharab hai,Carpenter,Wardrobe Repair
bed repair,Carpenter,Bed Repair
bed,Carpenter,Bed Repair
need help with bed repair,Carpenter,Bed Repair
can someone fix bed repair,Carpenter,Bed Repair
bed toot gaya,Carpenter,Bed Repair
bed toot,Carpenter,Bed Repair
need help with bed toot gaya,Carpenter,Bed Repair
can someone fix bed toot gaya,Carpenter,Bed Repair
wooden bed repair,Carpenter,Bed Repair
wood,Carpenter,Bed Repair
need help with wooden bed repair,Carpenter,Bed Repair
can someone fix wooden bed repair,Carpenter,Bed Repair
kitchen cabinet repair,Carpenter,Kitchen Furniture Repair
cabinet,Carpenter,Kitchen Furniture Repair
kitchen cabinet,Carpenter,Kitchen Furniture Repair
cabinet repair,Carpenter,Kitchen Furniture Repair
need help with kitchen cabinet repair,Carpenter,Kitchen Furniture Repair
can someone fix kitchen cabinet repair,Carpenter,Kitchen Furniture Repair
kitchen cupboard repair,Carpenter,Kitchen Furniture Repair
cupboard,Carpenter,Kitchen Furniture Repair
cupboard repair,Carpenter,Kitchen Furniture Repair
need help with kitchen cupboard repair,Carpenter,Kitchen Furniture Repair
can someone fix kitchen cupboard repair,Carpenter,Kitchen Furniture Repair
modular kitchen repair,Carpenter,Kitchen Furniture Repair
need help with modular kitchen repair,Carpenter,Kitchen Furniture Repair
can someone fix modular kitchen repair,Carpenter,Kitchen Furniture Repair
drawer stuck,Carpenter,Drawer Problem
drawer,Carpenter,Drawer Problem
need help with drawer stuck,Carpenter,Drawer Problem
can someone fix drawer stuck,Carpenter,Drawer Problem
drawer atak gaya,Carpenter,Drawer Problem
drawer atak,Carpenter,Drawer Problem
need help with drawer atak gaya,Carpenter,Drawer Problem
can someone fix drawer atak gaya,Carpenter,Drawer Problem
drawer nahi khul raha,Carpenter,Drawer Problem
need help with drawer nahi khul raha,Carpenter,Drawer Problem
can someone fix drawer nahi khul raha,Carpenter,Drawer Problem
wooden furniture repair,Carpenter,Furniture Repair
furniture,Carpenter,Furniture Repair
wood,Carpenter,Furniture Repair
furniture repair,Carpenter,Furniture Repair
need help with wooden furniture repair,Carpenter,Furniture Repair
can someone fix wooden furniture repair,Carpenter,Furniture Repair
need help with furniture repair,Carpenter,Furniture Repair
can someone fix furniture repair,Carpenter,Furniture Repair
wooden furniture broken,Carpenter,Furniture Repair
furniture broken,Carpenter,Furniture Repair
need help with wooden furniture broken,Carpenter,Furniture Repair
can someone fix wooden furniture broken,Carpenter,Furniture Repair
need a gardener,Gardener,General Gardening
garden,Gardener,General Gardening
need help with need a gardener,Gardener,General Gardening
can someone fix need a gardener,Gardener,General Gardening
mali chahiye,Gardener,General Gardening
mali,Gardener,General Gardening
need help with mali chahiye,Gardener,General Gardening
can someone fix mali chahiye,Gardener,General Gardening
garden maintenance,Gardener,General Gardening
need help with garden maintenance,Gardener,General Gardening
can someone fix garden maintenance,Gardener,General Gardening
gardener required,Gardener,General Gardening
need help with gardener required,Gardener,General Gardening
can someone fix gardener required,Gardener,General Gardening
garden cleaning,Gardener,Garden Cleaning
garden,Gardener,Garden Cleaning
need help with garden cleaning,Gardener,Garden Cleaning
can someone fix garden cleaning,Gardener,Garden Cleaning
bagiche ki safai,Gardener,Garden Cleaning
need help with bagiche ki safai,Gardener,Garden Cleaning
can someone fix bagiche ki safai,Gardener,Garden Cleaning
garden saaf karwana hai,Gardener,Garden Cleaning
need help with garden saaf karwana hai,Gardener,Garden Cleaning
can someone fix garden saaf karwana hai,Gardener,Garden Cleaning
grass cutting,Gardener,Grass Cutting
grass,Gardener,Grass Cutting
need help with grass cutting,Gardener,Grass Cutting
can someone fix grass cutting,Gardener,Grass Cutting
lawn grass cut,Gardener,Grass Cutting
lawn,Gardener,Grass Cutting
need help with lawn grass cut,Gardener,Grass Cutting
can someone fix lawn grass cut,Gardener,Grass Cutting
ghaas katwani hai,Gardener,Grass Cutting
ghaas,Gardener,Grass Cutting
need help with ghaas katwani hai,Gardener,Grass Cutting
can someone fix ghaas katwani hai,Gardener,Grass Cutting
lawn trimming,Gardener,Grass Cutting
lawn trim,Gardener,Grass Cutting
need help with lawn trimming,Gardener,Grass Cutting
can someone fix lawn trimming,Gardener,Grass Cutting
plant trimming,Gardener,Plant Trimming
plant,Gardener,Plant Trimming
plant trim,Gardener,Plant Trimming
need help with plant trimming,Gardener,Plant Trimming
can someone fix plant trimming,Gardener,Plant Trimming
paudhon ki trimming,Gardener,Plant Trimming
need help with paudhon ki trimming,Gardener,Plant Trimming
can someone fix paudhon ki trimming,Gardener,Plant Trimming
plants ko trim karna hai,Gardener,Plant Trimming
need help with plants ko trim karna hai,Gardener,Plant Trimming
can someone fix plants ko trim karna hai,Gardener,Plant Trimming
tree trimming,Gardener,Tree Trimming
tree,Gardener,Tree Trimming
tree trim,Gardener,Tree Trimming
need help with tree trimming,Gardener,Tree Trimming
can someone fix tree trimming,Gardener,Tree Trimming
ped ki branches cut,Gardener,Tree Trimming
ped,Gardener,Tree Trimming
need help with ped ki branches cut,Gardener,Tree Trimming
can someone fix ped ki branches cut,Gardener,Tree Trimming
tree branches trim,Gardener,Tree Trimming
need help with tree branches trim,Gardener,Tree Trimming
can someone fix tree branches trim,Gardener,Tree Trimming
new plants lagane hain,Gardener,Planting
plant,Gardener,Planting
need help with new plants lagane hain,Gardener,Planting
can someone fix new plants lagane hain,Gardener,Planting
paudhe lagwane hain,Gardener,Planting
paudhe,Gardener,Planting
need help with paudhe lagwane hain,Gardener,Planting
can someone fix paudhe lagwane hain,Gardener,Planting
plantation service,Gardener,Planting
need help with plantation service,Gardener,Planting
can someone fix plantation service,Gardener,Planting
plants ko paani dena hai,Gardener,Plant Watering
plant,Gardener,Plant Watering
plant paani,Gardener,Plant Watering
need help with plants ko paani dena hai,Gardener,Plant Watering
can someone fix plants ko paani dena hai,Gardener,Plant Watering
garden watering,Gardener,Plant Watering
garden,Gardener,Plant Watering
need help with garden watering,Gardener,Plant Watering
can someone fix garden watering,Gardener,Plant Watering
paudhon ko water karna hai,Gardener,Plant Watering
need help with paudhon ko water karna hai,Gardener,Plant Watering
can someone fix paudhon ko water karna hai,Gardener,Plant Watering
fertilizer dena hai,Gardener,Fertilization
fertilizer,Gardener,Fertilization
fertilizer fertilizer,Gardener,Fertilization
need help with fertilizer dena hai,Gardener,Fertilization
can someone fix fertilizer dena hai,Gardener,Fertilization
plant fertilizer,Gardener,Fertilization
plant,Gardener,Fertilization
need help with plant fertilizer,Gardener,Fertilization
can someone fix plant fertilizer,Gardener,Fertilization
garden fertilization,Gardener,Fertilization
garden,Gardener,Fertilization
need help with garden fertilization,Gardener,Fertilization
can someone fix garden fertilization,Gardener,Fertilization
plants have pests,Gardener,Pest Problem
plant,Gardener,Pest Problem
plant pest,Gardener,Pest Problem
need help with plants have pests,Gardener,Pest Problem
can someone fix plants have pests,Gardener,Pest Problem
paudhon mein keede hain,Gardener,Pest Problem
need help with paudhon mein keede hain,Gardener,Pest Problem
can someone fix paudhon mein keede hain,Gardener,Pest Problem
garden pest problem,Gardener,Pest Problem
garden,Gardener,Pest Problem
garden pest,Gardener,Pest Problem
need help with garden pest problem,Gardener,Pest Problem
can someone fix garden pest problem,Gardener,Pest Problem
garden maintenance service,Gardener,Garden Maintenance
garden,Gardener,Garden Maintenance
garden maintenance,Gardener,Garden Maintenance
need help with garden maintenance service,Gardener,Garden Maintenance
can someone fix garden maintenance service,Gardener,Garden Maintenance
garden care,Gardener,Garden Maintenance
need help with garden care,Gardener,Garden Maintenance
can someone fix garden care,Gardener,Garden Maintenance
bagiche ki dekhbhal,Gardener,Garden Maintenance
need help with bagiche ki dekhbhal,Gardener,Garden Maintenance
can someone fix bagiche ki dekhbhal,Gardener,Garden Maintenance
AC not cooling,AC Repair,Not Cooling
AC,AC Repair,Not Cooling
AC cooling,AC Repair,Not Cooling
need help with AC not cooling,AC Repair,Not Cooling
can someone fix AC not cooling,AC Repair,Not Cooling
AC is not cooling,AC Repair,Not Cooling
need help with AC is not cooling,AC Repair,Not Cooling
can someone fix AC is not cooling,AC Repair,Not Cooling
AC thanda nahi kar raha,AC Repair,Not Cooling
AC thanda,AC Repair,Not Cooling
need help with AC thanda nahi kar raha,AC Repair,Not Cooling
can someone fix AC thanda nahi kar raha,AC Repair,Not Cooling
AC cool nahi kar raha,AC Repair,Not Cooling
AC cool,AC Repair,Not Cooling
need help with AC cool nahi kar raha,AC Repair,Not Cooling
can someone fix AC cool nahi kar raha,AC Repair,Not Cooling
AC warm air de raha hai,AC Repair,Not Cooling
need help with AC warm air de raha hai,AC Repair,Not Cooling
can someone fix AC warm air de raha hai,AC Repair,Not Cooling
AC leaking water,AC Repair,Water Leakage
AC,AC Repair,Water Leakage
AC leak,AC Repair,Water Leakage
need help with AC leaking water,AC Repair,Water Leakage
can someone fix AC leaking water,AC Repair,Water Leakage
AC se paani leak ho raha hai,AC Repair,Water Leakage
need help with AC se paani leak ho raha hai,AC Repair,Water Leakage
can someone fix AC se paani leak ho raha hai,AC Repair,Water Leakage
AC mein water leakage,AC Repair,Water Leakage
need help with AC mein water leakage,AC Repair,Water Leakage
can someone fix AC mein water leakage,AC Repair,Water Leakage
AC se paani tapak raha hai,AC Repair,Water Leakage
need help with AC se paani tapak raha hai,AC Repair,Water Leakage
can someone fix AC se paani tapak raha hai,AC Repair,Water Leakage
AC making noise,AC Repair,Strange Noise
AC,AC Repair,Strange Noise
AC noise,AC Repair,Strange Noise
need help with AC making noise,AC Repair,Strange Noise
can someone fix AC making noise,AC Repair,Strange Noise
AC is noisy,AC Repair,Strange Noise
need help with AC is noisy,AC Repair,Strange Noise
can someone fix AC is noisy,AC Repair,Strange Noise
AC se awaaz aa rahi hai,AC Repair,Strange Noise
AC awaaz,AC Repair,Strange Noise
need help with AC se awaaz aa rahi hai,AC Repair,Strange Noise
can someone fix AC se awaaz aa rahi hai,AC Repair,Strange Noise
AC bahut awaaz kar raha hai,AC Repair,Strange Noise
need help with AC bahut awaaz kar raha hai,AC Repair,Strange Noise
can someone fix AC bahut awaaz kar raha hai,AC Repair,Strange Noise
AC not turning on,AC Repair,Not Turning On
AC,AC Repair,Not Turning On
need help with AC not turning on,AC Repair,Not Turning On
can someone fix AC not turning on,AC Repair,Not Turning On
AC on nahi ho raha,AC Repair,Not Turning On
need help with AC on nahi ho raha,AC Repair,Not Turning On
can someone fix AC on nahi ho raha,AC Repair,Not Turning On
AC start nahi ho raha,AC Repair,Not Turning On
need help with AC start nahi ho raha,AC Repair,Not Turning On
can someone fix AC start nahi ho raha,AC Repair,Not Turning On
AC power on nahi ho raha,AC Repair,Not Turning On
need help with AC power on nahi ho raha,AC Repair,Not Turning On
can someone fix AC power on nahi ho raha,AC Repair,Not Turning On
AC remote not working,AC Repair,Remote Problem
AC,AC Repair,Remote Problem
AC remote,AC Repair,Remote Problem
need help with AC remote not working,AC Repair,Remote Problem
can someone fix AC remote not working,AC Repair,Remote Problem
AC remote kharab hai,AC Repair,Remote Problem
need help with AC remote kharab hai,AC Repair,Remote Problem
can someone fix AC remote kharab hai,AC Repair,Remote Problem
remote se AC control nahi ho raha,AC Repair,Remote Problem
need help with remote se AC control nahi ho raha,AC Repair,Remote Problem
can someone fix remote se AC control nahi ho raha,AC Repair,Remote Problem
AC bad smell,AC Repair,Bad Smell
AC,AC Repair,Bad Smell
need help with AC bad smell,AC Repair,Bad Smell
can someone fix AC bad smell,AC Repair,Bad Smell
AC se badbu aa rahi hai,AC Repair,Bad Smell
need help with AC se badbu aa rahi hai,AC Repair,Bad Smell
can someone fix AC se badbu aa rahi hai,AC Repair,Bad Smell
AC mein smell aa rahi hai,AC Repair,Bad Smell
need help with AC mein smell aa rahi hai,AC Repair,Bad Smell
can someone fix AC mein smell aa rahi hai,AC Repair,Bad Smell
AC freezing,AC Repair,Ice Formation
AC,AC Repair,Ice Formation
need help with AC freezing,AC Repair,Ice Formation
can someone fix AC freezing,AC Repair,Ice Formation
AC mein ice jam rahi hai,AC Repair,Ice Formation
AC ice,AC Repair,Ice Formation
need help with AC mein ice jam rahi hai,AC Repair,Ice Formation
can someone fix AC mein ice jam rahi hai,AC Repair,Ice Formation
AC par baraf jam rahi hai,AC Repair,Ice Formation
need help with AC par baraf jam rahi hai,AC Repair,Ice Formation
can someone fix AC par baraf jam rahi hai,AC Repair,Ice Formation
AC gas problem,AC Repair,Gas Problem
AC,AC Repair,Gas Problem
AC gas,AC Repair,Gas Problem
need help with AC gas problem,AC Repair,Gas Problem
can someone fix AC gas problem,AC Repair,Gas Problem
AC gas bharwani hai,AC Repair,Gas Problem
need help with AC gas bharwani hai,AC Repair,Gas Problem
can someone fix AC gas bharwani hai,AC Repair,Gas Problem
AC gas leakage,AC Repair,Gas Problem
AC leak,AC Repair,Gas Problem
need help with AC gas leakage,AC Repair,Gas Problem
can someone fix AC gas leakage,AC Repair,Gas Problem
AC ki gas kam hai,AC Repair,Gas Problem
need help with AC ki gas kam hai,AC Repair,Gas Problem
can someone fix AC ki gas kam hai,AC Repair,Gas Problem
AC compressor problem,AC Repair,Compressor Problem
AC,AC Repair,Compressor Problem
compressor,AC Repair,Compressor Problem
AC compressor,AC Repair,Compressor Problem
need help with AC compressor problem,AC Repair,Compressor Problem
can someone fix AC compressor problem,AC Repair,Compressor Problem
compressor not working,AC Repair,Compressor Problem
compressor compressor,AC Repair,Compressor Problem
need help with compressor not working,AC Repair,Compressor Problem
can someone fix compressor not working,AC Repair,Compressor Problem
AC compressor repair,AC Repair,Compressor Problem
need help with AC compressor repair,AC Repair,Compressor Problem
can someone fix AC compressor repair,AC Repair,Compressor Problem
AC servicing,AC Repair,General Service
AC,AC Repair,General Service
need help with AC servicing,AC Repair,General Service
can someone fix AC servicing,AC Repair,General Service
AC service chahiye,AC Repair,General Service
AC service,AC Repair,General Service
AC ice,AC Repair,General Service
need help with AC service chahiye,AC Repair,General Service
can someone fix AC service chahiye,AC Repair,General Service
AC maintenance,AC Repair,General Service
need help with AC maintenance,AC Repair,General Service
can someone fix AC maintenance,AC Repair,General Service
AC cleaning service,AC Repair,General Service
need help with AC cleaning service,AC Repair,General Service
can someone fix AC cleaning service,AC Repair,General Service
AC swing not working,AC Repair,Swing/Flap Problem
AC,AC Repair,Swing/Flap Problem
need help with AC swing not working,AC Repair,Swing/Flap Problem
can someone fix AC swing not working,AC Repair,Swing/Flap Problem
AC flap not moving,AC Repair,Swing/Flap Problem
need help with AC flap not moving,AC Repair,Swing/Flap Problem
can someone fix AC flap not moving,AC Repair,Swing/Flap Problem
AC ki swing nahi chal rahi,AC Repair,Swing/Flap Problem
need help with AC ki swing nahi chal rahi,AC Repair,Swing/Flap Problem
can someone fix AC ki swing nahi chal rahi,AC Repair,Swing/Flap Problem
AC sensor problem,AC Repair,Thermostat/Sensor Problem
AC,AC Repair,Thermostat/Sensor Problem
need help with AC sensor problem,AC Repair,Thermostat/Sensor Problem
can someone fix AC sensor problem,AC Repair,Thermostat/Sensor Problem
AC thermostat problem,AC Repair,Thermostat/Sensor Problem
need help with AC thermostat problem,AC Repair,Thermostat/Sensor Problem
can someone fix AC thermostat problem,AC Repair,Thermostat/Sensor Problem
temperature sensor faulty,AC Repair,Thermostat/Sensor Problem
need help with temperature sensor faulty,AC Repair,Thermostat/Sensor Problem
can someone fix temperature sensor faulty,AC Repair,Thermostat/Sensor Problem
washing machine not working,Appliance Repair,Washing Machine Not Working
washing machine,Appliance Repair,Washing Machine Not Working
need help with washing machine not working,Appliance Repair,Washing Machine Not Working
can someone fix washing machine not working,Appliance Repair,Washing Machine Not Working
washing machine kharab hai,Appliance Repair,Washing Machine Not Working
washing machine kharab,Appliance Repair,Washing Machine Not Working
need help with washing machine kharab hai,Appliance Repair,Washing Machine Not Working
can someone fix washing machine kharab hai,Appliance Repair,Washing Machine Not Working
washing machine start nahi ho rahi,Appliance Repair,Washing Machine Not Working
need help with washing machine start nahi ho rahi,Appliance Repair,Washing Machine Not Working
can someone fix washing machine start nahi ho rahi,Appliance Repair,Washing Machine Not Working
washing machine not draining,Appliance Repair,Washing Machine Drainage
washing machine,Appliance Repair,Washing Machine Drainage
washing machine drain,Appliance Repair,Washing Machine Drainage
need help with washing machine not draining,Appliance Repair,Washing Machine Drainage
can someone fix washing machine not draining,Appliance Repair,Washing Machine Drainage
washing machine paani drain nahi kar rahi,Appliance Repair,Washing Machine Drainage
need help with washing machine paani drain nahi kar rahi,Appliance Repair,Washing Machine Drainage
can someone fix washing machine paani drain nahi kar rahi,Appliance Repair,Washing Machine Drainage
washing machine ka water nahi nikal raha,Appliance Repair,Washing Machine Drainage
need help with washing machine ka water nahi nikal raha,Appliance Repair,Washing Machine Drainage
can someone fix washing machine ka water nahi nikal raha,Appliance Repair,Washing Machine Drainage
washing machine not spinning,Appliance Repair,Washing Machine Spin Problem
washing machine,Appliance Repair,Washing Machine Spin Problem
washing machine spin,Appliance Repair,Washing Machine Spin Problem
need help with washing machine not spinning,Appliance Repair,Washing Machine Spin Problem
can someone fix washing machine not spinning,Appliance Repair,Washing Machine Spin Problem
washing machine spin nahi kar rahi,Appliance Repair,Washing Machine Spin Problem
need help with washing machine spin nahi kar rahi,Appliance Repair,Washing Machine Spin Problem
can someone fix washing machine spin nahi kar rahi,Appliance Repair,Washing Machine Spin Problem
machine drum not spinning,Appliance Repair,Washing Machine Spin Problem
need help with machine drum not spinning,Appliance Repair,Washing Machine Spin Problem
can someone fix machine drum not spinning,Appliance Repair,Washing Machine Spin Problem
washing machine making noise,Appliance Repair,Washing Machine Noise
washing machine,Appliance Repair,Washing Machine Noise
washing machine noise,Appliance Repair,Washing Machine Noise
need help with washing machine making noise,Appliance Repair,Washing Machine Noise
can someone fix washing machine making noise,Appliance Repair,Washing Machine Noise
washing machine se awaaz aa rahi hai,Appliance Repair,Washing Machine Noise
need help with washing machine se awaaz aa rahi hai,Appliance Repair,Washing Machine Noise
can someone fix washing machine se awaaz aa rahi hai,Appliance Repair,Washing Machine Noise
fridge not cooling,Appliance Repair,Refrigerator Not Cooling
fridge,Appliance Repair,Refrigerator Not Cooling
fridge cooling,Appliance Repair,Refrigerator Not Cooling
need help with fridge not cooling,Appliance Repair,Refrigerator Not Cooling
can someone fix fridge not cooling,Appliance Repair,Refrigerator Not Cooling
fridge thanda nahi kar raha,Appliance Repair,Refrigerator Not Cooling
need help with fridge thanda nahi kar raha,Appliance Repair,Refrigerator Not Cooling
can someone fix fridge thanda nahi kar raha,Appliance Repair,Refrigerator Not Cooling
refrigerator cooling problem,Appliance Repair,Refrigerator Not Cooling
refrigerator,Appliance Repair,Refrigerator Not Cooling
RO,Appliance Repair,Refrigerator Not Cooling
refrigerator cooling,Appliance Repair,Refrigerator Not Cooling
need help with refrigerator cooling problem,Appliance Repair,Refrigerator Not Cooling
can someone fix refrigerator cooling problem,Appliance Repair,Refrigerator Not Cooling
fridge leaking water,Appliance Repair,Refrigerator Leakage
fridge,Appliance Repair,Refrigerator Leakage
fridge leak,Appliance Repair,Refrigerator Leakage
need help with fridge leaking water,Appliance Repair,Refrigerator Leakage
can someone fix fridge leaking water,Appliance Repair,Refrigerator Leakage
fridge se paani leak ho raha hai,Appliance Repair,Refrigerator Leakage
need help with fridge se paani leak ho raha hai,Appliance Repair,Refrigerator Leakage
can someone fix fridge se paani leak ho raha hai,Appliance Repair,Refrigerator Leakage
refrigerator water leakage,Appliance Repair,Refrigerator Leakage
refrigerator,Appliance Repair,Refrigerator Leakage
refrigerator leak,Appliance Repair,Refrigerator Leakage
need help with refrigerator water leakage,Appliance Repair,Refrigerator Leakage
can someone fix refrigerator water leakage,Appliance Repair,Refrigerator Leakage
fridge making noise,Appliance Repair,Refrigerator Noise
fridge,Appliance Repair,Refrigerator Noise
fridge noise,Appliance Repair,Refrigerator Noise
need help with fridge making noise,Appliance Repair,Refrigerator Noise
can someone fix fridge making noise,Appliance Repair,Refrigerator Noise
refrigerator se awaaz aa rahi hai,Appliance Repair,Refrigerator Noise
refrigerator,Appliance Repair,Refrigerator Noise
need help with refrigerator se awaaz aa rahi hai,Appliance Repair,Refrigerator Noise
can someone fix refrigerator se awaaz aa rahi hai,Appliance Repair,Refrigerator Noise
microwave not working,Appliance Repair,Microwave Problem
microwave,Appliance Repair,Microwave Problem
RO,Appliance Repair,Microwave Problem
need help with microwave not working,Appliance Repair,Microwave Problem
can someone fix microwave not working,Appliance Repair,Microwave Problem
microwave kharab hai,Appliance Repair,Microwave Problem
microwave kharab,Appliance Repair,Microwave Problem
need help with microwave kharab hai,Appliance Repair,Microwave Problem
can someone fix microwave kharab hai,Appliance Repair,Microwave Problem
microwave start nahi ho raha,Appliance Repair,Microwave Problem
need help with microwave start nahi ho raha,Appliance Repair,Microwave Problem
can someone fix microwave start nahi ho raha,Appliance Repair,Microwave Problem
oven not heating,Appliance Repair,Oven Heating Problem
oven,Appliance Repair,Oven Heating Problem
oven heating,Appliance Repair,Oven Heating Problem
need help with oven not heating,Appliance Repair,Oven Heating Problem
can someone fix oven not heating,Appliance Repair,Oven Heating Problem
oven heat nahi kar raha,Appliance Repair,Oven Heating Problem
oven heat,Appliance Repair,Oven Heating Problem
need help with oven heat nahi kar raha,Appliance Repair,Oven Heating Problem
can someone fix oven heat nahi kar raha,Appliance Repair,Oven Heating Problem
oven garam nahi ho raha,Appliance Repair,Oven Heating Problem
need help with oven garam nahi ho raha,Appliance Repair,Oven Heating Problem
can someone fix oven garam nahi ho raha,Appliance Repair,Oven Heating Problem
mixer not working,Appliance Repair,Mixer Grinder Problem
mixer,Appliance Repair,Mixer Grinder Problem
need help with mixer not working,Appliance Repair,Mixer Grinder Problem
can someone fix mixer not working,Appliance Repair,Mixer Grinder Problem
mixer nahi chal raha,Appliance Repair,Mixer Grinder Problem
need help with mixer nahi chal raha,Appliance Repair,Mixer Grinder Problem
can someone fix mixer nahi chal raha,Appliance Repair,Mixer Grinder Problem
mixer grinder repair,Appliance Repair,Mixer Grinder Problem
mixer grinder,Appliance Repair,Mixer Grinder Problem
mixer repair,Appliance Repair,Mixer Grinder Problem
need help with mixer grinder repair,Appliance Repair,Mixer Grinder Problem
can someone fix mixer grinder repair,Appliance Repair,Mixer Grinder Problem
RO not working,Appliance Repair,Water Purifier Problem
RO,Appliance Repair,Water Purifier Problem
need help with RO not working,Appliance Repair,Water Purifier Problem
can someone fix RO not working,Appliance Repair,Water Purifier Problem
RO kharab hai,Appliance Repair,Water Purifier Problem
RO kharab,Appliance Repair,Water Purifier Problem
need help with RO kharab hai,Appliance Repair,Water Purifier Problem
can someone fix RO kharab hai,Appliance Repair,Water Purifier Problem
water purifier problem,Appliance Repair,Water Purifier Problem
water purifier,Appliance Repair,Water Purifier Problem
need help with water purifier problem,Appliance Repair,Water Purifier Problem
can someone fix water purifier problem,Appliance Repair,Water Purifier Problem
TV not working,Appliance Repair,TV Problem
TV,Appliance Repair,TV Problem
need help with TV not working,Appliance Repair,TV Problem
can someone fix TV not working,Appliance Repair,TV Problem
TV kharab hai,Appliance Repair,TV Problem
TV kharab,Appliance Repair,TV Problem
need help with TV kharab hai,Appliance Repair,TV Problem
can someone fix TV kharab hai,Appliance Repair,TV Problem
television repair,Appliance Repair,TV Problem
television,Appliance Repair,TV Problem
need help with television repair,Appliance Repair,TV Problem
can someone fix television repair,Appliance Repair,TV Problem
geyser not heating,Appliance Repair,Geyser Heating Problem
geyser,Appliance Repair,Geyser Heating Problem
geyser heating,Appliance Repair,Geyser Heating Problem
need help with geyser not heating,Appliance Repair,Geyser Heating Problem
can someone fix geyser not heating,Appliance Repair,Geyser Heating Problem
geyser paani garam nahi kar raha,Appliance Repair,Geyser Heating Problem
need help with geyser paani garam nahi kar raha,Appliance Repair,Geyser Heating Problem
can someone fix geyser paani garam nahi kar raha,Appliance Repair,Geyser Heating Problem
geyser heating problem,Appliance Repair,Geyser Heating Problem
RO,Appliance Repair,Geyser Heating Problem
RO heating,Appliance Repair,Geyser Heating Problem
need help with geyser heating problem,Appliance Repair,Geyser Heating Problem
can someone fix geyser heating problem,Appliance Repair,Geyser Heating Problem
kitchen chimney not working,Appliance Repair,Chimney Problem
chimney,Appliance Repair,Chimney Problem
chimney not working,Appliance Repair,Chimney Problem
need help with kitchen chimney not working,Appliance Repair,Chimney Problem
can someone fix kitchen chimney not working,Appliance Repair,Chimney Problem
chimney kharab hai,Appliance Repair,Chimney Problem
chimney kharab,Appliance Repair,Chimney Problem
need help with chimney kharab hai,Appliance Repair,Chimney Problem
can someone fix chimney kharab hai,Appliance Repair,Chimney Problem
chimney suction problem,Appliance Repair,Chimney Problem
RO,Appliance Repair,Chimney Problem
need help with chimney suction problem,Appliance Repair,Chimney Problem
can someone fix chimney suction problem,Appliance Repair,Chimney Problem
wall painting,Painter,Wall Painting
paint,Painter,Wall Painting
painting,Painter,Wall Painting
wall,Painter,Wall Painting
paint paint,Painter,Wall Painting
need help with wall painting,Painter,Wall Painting
can someone fix wall painting,Painter,Wall Painting
wall paint karwana hai,Painter,Wall Painting
need help with wall paint karwana hai,Painter,Wall Painting
can someone fix wall paint karwana hai,Painter,Wall Painting
ghar ki walls paint karwani hain,Painter,Wall Painting
need help with ghar ki walls paint karwani hain,Painter,Wall Painting
can someone fix ghar ki walls paint karwani hain,Painter,Wall Painting
paint peeling,Painter,Peeling Paint
paint,Painter,Peeling Paint
paint paint,Painter,Peeling Paint
need help with paint peeling,Painter,Peeling Paint
can someone fix paint peeling,Painter,Peeling Paint
deewar ka paint nikal raha hai,Painter,Peeling Paint
deewar,Painter,Peeling Paint
need help with deewar ka paint nikal raha hai,Painter,Peeling Paint
can someone fix deewar ka paint nikal raha hai,Painter,Peeling Paint
paint is coming off,Painter,Peeling Paint
need help with paint is coming off,Painter,Peeling Paint
can someone fix paint is coming off,Painter,Peeling Paint
wall cracks,Painter,Wall Cracks
wall,Painter,Wall Cracks
crack,Painter,Wall Cracks
wall crack,Painter,Wall Cracks
need help with wall cracks,Painter,Wall Cracks
can someone fix wall cracks,Painter,Wall Cracks
deewar mein cracks hain,Painter,Wall Cracks
deewar,Painter,Wall Cracks
deewar crack,Painter,Wall Cracks
need help with deewar mein cracks hain,Painter,Wall Cracks
can someone fix deewar mein cracks hain,Painter,Wall Cracks
wall mein darar hai,Painter,Wall Cracks
need help with wall mein darar hai,Painter,Wall Cracks
can someone fix wall mein darar hai,Painter,Wall Cracks
water stains on wall,Painter,Water Stains
wall,Painter,Water Stains
wall stain,Painter,Water Stains
need help with water stains on wall,Painter,Water Stains
can someone fix water stains on wall,Painter,Water Stains
deewar par seepage marks hain,Painter,Water Stains
deewar,Painter,Water Stains
seepage,Painter,Water Stains
deewar seepage,Painter,Water Stains
need help with deewar par seepage marks hain,Painter,Water Stains
can someone fix deewar par seepage marks hain,Painter,Water Stains
wall damp marks,Painter,Water Stains
need help with wall damp marks,Painter,Water Stains
can someone fix wall damp marks,Painter,Water Stains
ceiling painting,Painter,Ceiling Painting
paint,Painter,Ceiling Painting
painting,Painter,Ceiling Painting
ceiling,Painter,Ceiling Painting
paint paint,Painter,Ceiling Painting
need help with ceiling painting,Painter,Ceiling Painting
can someone fix ceiling painting,Painter,Ceiling Painting
ceiling paint karwani hai,Painter,Ceiling Painting
need help with ceiling paint karwani hai,Painter,Ceiling Painting
can someone fix ceiling paint karwani hai,Painter,Ceiling Painting
chhat paint karwani hai,Painter,Ceiling Painting
chhat,Painter,Ceiling Painting
need help with chhat paint karwani hai,Painter,Ceiling Painting
can someone fix chhat paint karwani hai,Painter,Ceiling Painting
door painting,Painter,Door Painting
paint,Painter,Door Painting
painting,Painter,Door Painting
paint paint,Painter,Door Painting
need help with door painting,Painter,Door Painting
can someone fix door painting,Painter,Door Painting
darwaza paint karwana hai,Painter,Door Painting
need help with darwaza paint karwana hai,Painter,Door Painting
can someone fix darwaza paint karwana hai,Painter,Door Painting
furniture painting,Painter,Furniture Painting
paint,Painter,Furniture Painting
painting,Painter,Furniture Painting
paint paint,Painter,Furniture Painting
need help with furniture painting,Painter,Furniture Painting
can someone fix furniture painting,Painter,Furniture Painting
wooden furniture paint karwana hai,Painter,Furniture Painting
need help with wooden furniture paint karwana hai,Painter,Furniture Painting
can someone fix wooden furniture paint karwana hai,Painter,Furniture Painting
house exterior painting,Painter,Exterior Painting
paint,Painter,Exterior Painting
painting,Painter,Exterior Painting
exterior,Painter,Exterior Painting
paint paint,Painter,Exterior Painting
need help with house exterior painting,Painter,Exterior Painting
can someone fix house exterior painting,Painter,Exterior Painting
ghar ke bahar paint karwana hai,Painter,Exterior Painting
need help with ghar ke bahar paint karwana hai,Painter,Exterior Painting
can someone fix ghar ke bahar paint karwana hai,Painter,Exterior Painting
outside wall painting,Painter,Exterior Painting
wall,Painter,Exterior Painting
need help with outside wall painting,Painter,Exterior Painting
can someone fix outside wall painting,Painter,Exterior Painting
paint touch up,Painter,Paint Touch Up
paint,Painter,Paint Touch Up
touch up,Painter,Paint Touch Up
paint paint,Painter,Paint Touch Up
need help with paint touch up,Painter,Paint Touch Up
can someone fix paint touch up,Painter,Paint Touch Up
wall touch up,Painter,Paint Touch Up
wall,Painter,Paint Touch Up
need help with wall touch up,Painter,Paint Touch Up
can someone fix wall touch up,Painter,Paint Touch Up
thoda paint repair karwana hai,Painter,Paint Touch Up
need help with thoda paint repair karwana hai,Painter,Paint Touch Up
can someone fix thoda paint repair karwana hai,Painter,Paint Touch Up
waterproof paint,Painter,Waterproof Painting
paint,Painter,Waterproof Painting
paint paint,Painter,Waterproof Painting
need help with waterproof paint,Painter,Waterproof Painting
can someone fix waterproof paint,Painter,Waterproof Painting
waterproofing paint service,Painter,Waterproof Painting
need help with waterproofing paint service,Painter,Waterproof Painting
can someone fix waterproofing paint service,Painter,Waterproof Painting
deewar waterproof paint,Painter,Waterproof Painting
deewar,Painter,Waterproof Painting
need help with deewar waterproof paint,Painter,Waterproof Painting
can someone fix deewar waterproof paint,Painter,Waterproof Painting
home cleaning,Cleaner,General Cleaning
cleaning,Cleaner,General Cleaning
cleaning clean,Cleaner,General Cleaning
need help with home cleaning,Cleaner,General Cleaning
can someone fix home cleaning,Cleaner,General Cleaning
ghar ki safai karwani hai,Cleaner,General Cleaning
safai,Cleaner,General Cleaning
ghar,Cleaner,General Cleaning
safai safai,Cleaner,General Cleaning
need help with ghar ki safai karwani hai,Cleaner,General Cleaning
can someone fix ghar ki safai karwani hai,Cleaner,General Cleaning
house cleaning,Cleaner,General Cleaning
house,Cleaner,General Cleaning
need help with house cleaning,Cleaner,General Cleaning
can someone fix house cleaning,Cleaner,General Cleaning
home clean karwana hai,Cleaner,General Cleaning
need help with home clean karwana hai,Cleaner,General Cleaning
can someone fix home clean karwana hai,Cleaner,General Cleaning
deep cleaning,Cleaner,Deep Cleaning
cleaning,Cleaner,Deep Cleaning
cleaning clean,Cleaner,Deep Cleaning
need help with deep cleaning,Cleaner,Deep Cleaning
can someone fix deep cleaning,Cleaner,Deep Cleaning
ghar ki deep cleaning,Cleaner,Deep Cleaning
ghar,Cleaner,Deep Cleaning
need help with ghar ki deep cleaning,Cleaner,Deep Cleaning
can someone fix ghar ki deep cleaning,Cleaner,Deep Cleaning
full house deep cleaning,Cleaner,Deep Cleaning
house,Cleaner,Deep Cleaning
need help with full house deep cleaning,Cleaner,Deep Cleaning
can someone fix full house deep cleaning,Cleaner,Deep Cleaning
bathroom cleaning,Cleaner,Bathroom Cleaning
cleaning,Cleaner,Bathroom Cleaning
bathroom,Cleaner,Bathroom Cleaning
room cleaning,Cleaner,Bathroom Cleaning
cleaning clean,Cleaner,Bathroom Cleaning
need help with bathroom cleaning,Cleaner,Bathroom Cleaning
can someone fix bathroom cleaning,Cleaner,Bathroom Cleaning
bathroom ki safai karwani hai,Cleaner,Bathroom Cleaning
safai,Cleaner,Bathroom Cleaning
safai safai,Cleaner,Bathroom Cleaning
need help with bathroom ki safai karwani hai,Cleaner,Bathroom Cleaning
can someone fix bathroom ki safai karwani hai,Cleaner,Bathroom Cleaning
toilet bathroom cleaning,Cleaner,Bathroom Cleaning
need help with toilet bathroom cleaning,Cleaner,Bathroom Cleaning
can someone fix toilet bathroom cleaning,Cleaner,Bathroom Cleaning
kitchen cleaning,Cleaner,Kitchen Cleaning
cleaning,Cleaner,Kitchen Cleaning
cleaning clean,Cleaner,Kitchen Cleaning
need help with kitchen cleaning,Cleaner,Kitchen Cleaning
can someone fix kitchen cleaning,Cleaner,Kitchen Cleaning
kitchen ki safai chahiye,Cleaner,Kitchen Cleaning
safai,Cleaner,Kitchen Cleaning
safai safai,Cleaner,Kitchen Cleaning
need help with kitchen ki safai chahiye,Cleaner,Kitchen Cleaning
can someone fix kitchen ki safai chahiye,Cleaner,Kitchen Cleaning
kitchen clean karwani hai,Cleaner,Kitchen Cleaning
need help with kitchen clean karwani hai,Cleaner,Kitchen Cleaning
can someone fix kitchen clean karwani hai,Cleaner,Kitchen Cleaning
room cleaning,Cleaner,Room Cleaning
cleaning,Cleaner,Room Cleaning
cleaning clean,Cleaner,Room Cleaning
need help with room cleaning,Cleaner,Room Cleaning
can someone fix room cleaning,Cleaner,Room Cleaning
room ki safai karwani hai,Cleaner,Room Cleaning
safai,Cleaner,Room Cleaning
safai safai,Cleaner,Room Cleaning
need help with room ki safai karwani hai,Cleaner,Room Cleaning
can someone fix room ki safai karwani hai,Cleaner,Room Cleaning
bedroom cleaning,Cleaner,Room Cleaning
need help with bedroom cleaning,Cleaner,Room Cleaning
can someone fix bedroom cleaning,Cleaner,Room Cleaning
sofa cleaning,Cleaner,Sofa Cleaning
cleaning,Cleaner,Sofa Cleaning
sofa,Cleaner,Sofa Cleaning
cleaning clean,Cleaner,Sofa Cleaning
need help with sofa cleaning,Cleaner,Sofa Cleaning
can someone fix sofa cleaning,Cleaner,Sofa Cleaning
sofa saaf karwana hai,Cleaner,Sofa Cleaning
need help with sofa saaf karwana hai,Cleaner,Sofa Cleaning
can someone fix sofa saaf karwana hai,Cleaner,Sofa Cleaning
sofa wash,Cleaner,Sofa Cleaning
need help with sofa wash,Cleaner,Sofa Cleaning
can someone fix sofa wash,Cleaner,Sofa Cleaning
carpet cleaning,Cleaner,Carpet Cleaning
cleaning,Cleaner,Carpet Cleaning
carpet,Cleaner,Carpet Cleaning
cleaning clean,Cleaner,Carpet Cleaning
need help with carpet cleaning,Cleaner,Carpet Cleaning
can someone fix carpet cleaning,Cleaner,Carpet Cleaning
carpet wash karwana hai,Cleaner,Carpet Cleaning
carpet wash,Cleaner,Carpet Cleaning
need help with carpet wash karwana hai,Cleaner,Carpet Cleaning
can someone fix carpet wash karwana hai,Cleaner,Carpet Cleaning
carpet saaf karwana hai,Cleaner,Carpet Cleaning
need help with carpet saaf karwana hai,Cleaner,Carpet Cleaning
can someone fix carpet saaf karwana hai,Cleaner,Carpet Cleaning
window cleaning,Cleaner,Window Cleaning
cleaning,Cleaner,Window Cleaning
window,Cleaner,Window Cleaning
cleaning clean,Cleaner,Window Cleaning
need help with window cleaning,Cleaner,Window Cleaning
can someone fix window cleaning,Cleaner,Window Cleaning
windows saaf karwani hain,Cleaner,Window Cleaning
need help with windows saaf karwani hain,Cleaner,Window Cleaning
can someone fix windows saaf karwani hain,Cleaner,Window Cleaning
glass window cleaning,Cleaner,Window Cleaning
glass,Cleaner,Window Cleaning
need help with glass window cleaning,Cleaner,Window Cleaning
can someone fix glass window cleaning,Cleaner,Window Cleaning
water tank cleaning,Cleaner,Water Tank Cleaning
cleaning,Cleaner,Water Tank Cleaning
cleaning clean,Cleaner,Water Tank Cleaning
need help with water tank cleaning,Cleaner,Water Tank Cleaning
can someone fix water tank cleaning,Cleaner,Water Tank Cleaning
tanki saaf karwani hai,Cleaner,Water Tank Cleaning
need help with tanki saaf karwani hai,Cleaner,Water Tank Cleaning
can someone fix tanki saaf karwani hai,Cleaner,Water Tank Cleaning
water tank clean,Cleaner,Water Tank Cleaning
need help with water tank clean,Cleaner,Water Tank Cleaning
can someone fix water tank clean,Cleaner,Water Tank Cleaning
move out cleaning,Cleaner,Move-in/Move-out Cleaning
cleaning,Cleaner,Move-in/Move-out Cleaning
cleaning clean,Cleaner,Move-in/Move-out Cleaning
need help with move out cleaning,Cleaner,Move-in/Move-out Cleaning
can someone fix move out cleaning,Cleaner,Move-in/Move-out Cleaning
move in cleaning,Cleaner,Move-in/Move-out Cleaning
need help with move in cleaning,Cleaner,Move-in/Move-out Cleaning
can someone fix move in cleaning,Cleaner,Move-in/Move-out Cleaning
shifting ke baad cleaning,Cleaner,Move-in/Move-out Cleaning
need help with shifting ke baad cleaning,Cleaner,Move-in/Move-out Cleaning
can someone fix shifting ke baad cleaning,Cleaner,Move-in/Move-out Cleaning
electrician chahiye,Electrician,General/Unspecified
electric,Electrician,General/Unspecified
need an electrician,Electrician,General/Unspecified
electrical work karwana hai,Electrician,General/Unspecified
bijli ka kaam hai,Electrician,General/Unspecified
bijli,Electrician,General/Unspecified
plumber chahiye,Plumber,General/Unspecified
need a plumber,Plumber,General/Unspecified
paani ka kaam hai,Plumber,General/Unspecified
paani,Plumber,General/Unspecified
paani paani,Plumber,General/Unspecified
plumbing work karwana hai,Plumber,General/Unspecified
plumbing,Plumber,General/Unspecified
carpenter chahiye,Carpenter,General/Unspecified
need a carpenter,Carpenter,General/Unspecified
lakdi ka kaam hai,Carpenter,General/Unspecified
lakdi,Carpenter,General/Unspecified
furniture ka kaam hai,Carpenter,General/Unspecified
furniture,Carpenter,General/Unspecified
furniture furniture,Carpenter,General/Unspecified
gardener chahiye,Gardener,General/Unspecified
garden,Gardener,General/Unspecified
garden ka kaam hai,Gardener,General/Unspecified
mali chahiye,Gardener,General/Unspecified
mali,Gardener,General/Unspecified
AC repair chahiye,AC Repair,General/Unspecified
AC,AC Repair,General/Unspecified
AC ka kaam hai,AC Repair,General/Unspecified
AC kharab hai,AC Repair,General/Unspecified
AC not working,AC Repair,General/Unspecified
AC mein problem hai,AC Repair,General/Unspecified
appliance repair chahiye,Appliance Repair,General/Unspecified
appliance,Appliance Repair,General/Unspecified
appliance repair,Appliance Repair,General/Unspecified
home appliance kharab hai,Appliance Repair,General/Unspecified
appliance kharab,Appliance Repair,General/Unspecified
appliance not working,Appliance Repair,General/Unspecified
machine repair chahiye,Appliance Repair,General/Unspecified
painter chahiye,Painter,General/Unspecified
paint,Painter,General/Unspecified
painter,Painter,General/Unspecified
paint paint,Painter,General/Unspecified
ghar paint karwana hai,Painter,General/Unspecified
painting ka kaam hai,Painter,General/Unspecified
painting,Painter,General/Unspecified
cleaner chahiye,Cleaner,General/Unspecified
cleaner,Cleaner,General/Unspecified
cleaner clean,Cleaner,General/Unspecified
cleaning service chahiye,Cleaner,General/Unspecified
cleaning,Cleaner,General/Unspecified
cleaning clean,Cleaner,General/Unspecified
safai karwani hai,Cleaner,General/Unspecified
safai,Cleaner,General/Unspecified
safai safai,Cleaner,General/Unspecified
house cleaning chahiye,Cleaner,General/Unspecified
house,Cleaner,General/Unspecified
fan repair,Electrician,Fan Not Working
light repair,Electrician,Light Not Working
socket repair,Electrician,Socket Problem
bijli problem,Electrician,Wiring Problem
paani leak,Plumber,Pipe Leakage
drain block,Plumber,Drain Blockage
toilet block,Plumber,Toilet Blockage
drawer repair,Carpenter,Drawer Problem
plant care,Gardener,Garden Maintenance
AC repair,AC Repair,General Service
AC problem,AC Repair,General Service
AC water,AC Repair,Water Leakage
fridge repair,Appliance Repair,Refrigerator Not Cooling
washing machine repair,Appliance Repair,Washing Machine Not Working
microwave repair,Appliance Repair,Microwave Problem
oven repair,Appliance Repair,Oven Heating Problem
RO repair,Appliance Repair,Water Purifier Problem
TV repair,Appliance Repair,TV Problem
geyser repair,Appliance Repair,Geyser Heating Problem
wall paint,Painter,Wall Painting
deewar paint,Painter,Wall Painting
ceiling paint,Painter,Ceiling Painting
paint crack,Painter,Wall Cracks
